{"walls":[{"x":340,"y":720,"h":20,"w":20},{"x":360,"y":720,"h":20,"w":20},{"x":380,"y":720,"h":20,"w":20},{"x":380,"y":700,"h":20,"w":20},{"x":380,"y":680,"h":20,"w":20},{"x":380,"y":660,"h":20,"w":20},{"x":320,"y":720,"h":20,"w":20},{"x":300,"y":720,"h":20,"w":20},{"x":300,"y":700,"h":20,"w":20},{"x":300,"y":680,"h":20,"w":20},{"x":300,"y":660,"h":20,"w":20},{"x":240,"y":660,"h":20,"w":20},{"x":240,"y":680,"h":20,"w":20},{"x":240,"y":700,"h":20,"w":20},{"x":240,"y":720,"h":20,"w":20},{"x":240,"y":740,"h":20,"w":20},{"x":240,"y":760,"h":20,"w":20},{"x":240,"y":780,"h":20,"w":20},{"x":260,"y":780,"h":20,"w":20},{"x":280,"y":780,"h":20,"w":20},{"x":300,"y":780,"h":20,"w":20},{"x":320,"y":780,"h":20,"w":20},{"x":340,"y":780,"h":20,"w":20},{"x":360,"y":780,"h":20,"w":20},{"x":380,"y":780,"h":20,"w":20},{"x":400,"y":780,"h":20,"w":20},{"x":420,"y":780,"h":20,"w":20},{"x":440,"y":780,"h":20,"w":20},{"x":440,"y":760,"h":20,"w":20},{"x":440,"y":740,"h":20,"w":20},{"x":440,"y":720,"h":20,"w":20},{"x":440,"y":700,"h":20,"w":20},{"x":440,"y":680,"h":20,"w":20},{"x":440,"y":660,"h":20,"w":20},{"x":680,"y":360,"h":20,"w":20},{"x":680,"y":380,"h":20,"w":20},{"x":680,"y":400,"h":20,"w":20},{"x":680,"y":420,"h":20,"w":20},{"x":680,"y":440,"h":20,"w":20},{"x":680,"y":460,"h":20,"w":20},{"x":680,"y":480,"h":20,"w":20},{"x":680,"y":500,"h":20,"w":20},{"x":680,"y":520,"h":20,"w":20},{"x":680,"y":540,"h":20,"w":20},{"x":680,"y":560,"h":20,"w":20},{"x":680,"y":580,"h":20,"w":20},{"x":680,"y":600,"h":20,"w":20},{"x":520,"y":660,"h":20,"w":20},{"x":540,"y":660,"h":20,"w":20},{"x":560,"y":660,"h":20,"w":20},{"x":580,"y":660,"h":20,"w":20},{"x":600,"y":660,"h":20,"w":20},{"x":620,"y":660,"h":20,"w":20},{"x":640,"y":660,"h":20,"w":20},{"x":660,"y":660,"h":20,"w":20},{"x":680,"y":660,"h":20,"w":20},{"x":160,"y":660,"h":20,"w":20},{"x":140,"y":660,"h":20,"w":20},{"x":120,"y":660,"h":20,"w":20},{"x":100,"y":660,"h":20,"w":20},{"x":80,"y":660,"h":20,"w":20},{"x":60,"y":660,"h":20,"w":20},{"x":40,"y":660,"h":20,"w":20},{"x":20,"y":660,"h":20,"w":20},{"x":0,"y":660,"h":20,"w":20},{"x":0,"y":600,"h":20,"w":20},{"x":0,"y":580,"h":20,"w":20},{"x":0,"y":560,"h":20,"w":20},{"x":0,"y":540,"h":20,"w":20},{"x":0,"y":520,"h":20,"w":20},{"x":0,"y":500,"h":20,"w":20},{"x":0,"y":480,"h":20,"w":20},{"x":0,"y":460,"h":20,"w":20},{"x":0,"y":440,"h":20,"w":20},{"x":0,"y":420,"h":20,"w":20},{"x":0,"y":400,"h":20,"w":20},{"x":0,"y":380,"h":20,"w":20},{"x":0,"y":360,"h":20,"w":20},{"x":160,"y":780,"h":20,"w":20},{"x":140,"y":780,"h":20,"w":20},{"x":120,"y":780,"h":20,"w":20},{"x":100,"y":780,"h":20,"w":20},{"x":80,"y":780,"h":20,"w":20},{"x":60,"y":780,"h":20,"w":20},{"x":40,"y":780,"h":20,"w":20},{"x":20,"y":780,"h":20,"w":20},{"x":0,"y":780,"h":20,"w":20},{"x":0,"y":800,"h":20,"w":20},{"x":0,"y":820,"h":20,"w":20},{"x":0,"y":840,"h":20,"w":20},{"x":0,"y":860,"h":20,"w":20},{"x":0,"y":880,"h":20,"w":20},{"x":0,"y":900,"h":20,"w":20},{"x":0,"y":920,"h":20,"w":20},{"x":0,"y":940,"h":20,"w":20},{"x":0,"y":960,"h":20,"w":20},{"x":0,"y":980,"h":20,"w":20},{"x":0,"y":1000,"h":20,"w":20},{"x":0,"y":1020,"h":20,"w":20},{"x":520,"y":780,"h":20,"w":20},{"x":540,"y":780,"h":20,"w":20},{"x":560,"y":780,"h":20,"w":20},{"x":580,"y":780,"h":20,"w":20},{"x":600,"y":780,"h":20,"w":20},{"x":620,"y":780,"h":20,"w":20},{"x":640,"y":780,"h":20,"w":20},{"x":660,"y":780,"h":20,"w":20},{"x":680,"y":780,"h":20,"w":20},{"x":680,"y":800,"h":20,"w":20},{"x":680,"y":820,"h":20,"w":20},{"x":680,"y":840,"h":20,"w":20},{"x":680,"y":860,"h":20,"w":20},{"x":680,"y":880,"h":20,"w":20},{"x":680,"y":900,"h":20,"w":20},{"x":680,"y":920,"h":20,"w":20},{"x":680,"y":940,"h":20,"w":20},{"x":680,"y":960,"h":20,"w":20},{"x":680,"y":980,"h":20,"w":20},{"x":680,"y":1000,"h":20,"w":20},{"x":680,"y":1020,"h":20,"w":20},{"x":240,"y":840,"h":20,"w":20},{"x":260,"y":840,"h":20,"w":20},{"x":280,"y":840,"h":20,"w":20},{"x":300,"y":840,"h":20,"w":20},{"x":320,"y":840,"h":20,"w":20},{"x":340,"y":840,"h":20,"w":20},{"x":360,"y":840,"h":20,"w":20},{"x":380,"y":840,"h":20,"w":20},{"x":400,"y":840,"h":20,"w":20},{"x":420,"y":840,"h":20,"w":20},{"x":440,"y":860,"h":20,"w":20},{"x":440,"y":840,"h":20,"w":20},{"x":440,"y":880,"h":20,"w":20},{"x":440,"y":900,"h":20,"w":20},{"x":440,"y":920,"h":20,"w":20},{"x":440,"y":940,"h":20,"w":20},{"x":440,"y":960,"h":20,"w":20},{"x":440,"y":980,"h":20,"w":20},{"x":440,"y":1000,"h":20,"w":20},{"x":440,"y":1020,"h":20,"w":20},{"x":240,"y":860,"h":20,"w":20},{"x":240,"y":880,"h":20,"w":20},{"x":240,"y":900,"h":20,"w":20},{"x":240,"y":920,"h":20,"w":20},{"x":240,"y":940,"h":20,"w":20},{"x":240,"y":960,"h":20,"w":20},{"x":240,"y":980,"h":20,"w":20},{"x":240,"y":1000,"h":20,"w":20},{"x":240,"y":1020,"h":20,"w":20},{"x":160,"y":600,"h":20,"w":20},{"x":140,"y":600,"h":20,"w":20},{"x":120,"y":600,"h":20,"w":20},{"x":100,"y":600,"h":20,"w":20},{"x":80,"y":600,"h":20,"w":20},{"x":60,"y":600,"h":20,"w":20},{"x":60,"y":580,"h":20,"w":20},{"x":60,"y":560,"h":20,"w":20},{"x":60,"y":540,"h":20,"w":20},{"x":60,"y":520,"h":20,"w":20},{"x":60,"y":500,"h":20,"w":20},{"x":60,"y":480,"h":20,"w":20},{"x":60,"y":460,"h":20,"w":20},{"x":60,"y":440,"h":20,"w":20},{"x":60,"y":420,"h":20,"w":20},{"x":60,"y":400,"h":20,"w":20},{"x":60,"y":380,"h":20,"w":20},{"x":60,"y":360,"h":20,"w":20},{"x":520,"y":600,"h":20,"w":20},{"x":540,"y":600,"h":20,"w":20},{"x":560,"y":600,"h":20,"w":20},{"x":580,"y":600,"h":20,"w":20},{"x":600,"y":600,"h":20,"w":20},{"x":620,"y":600,"h":20,"w":20},{"x":620,"y":580,"h":20,"w":20},{"x":620,"y":560,"h":20,"w":20},{"x":620,"y":540,"h":20,"w":20},{"x":620,"y":520,"h":20,"w":20},{"x":620,"y":500,"h":20,"w":20},{"x":620,"y":480,"h":20,"w":20},{"x":620,"y":460,"h":20,"w":20},{"x":620,"y":440,"h":20,"w":20},{"x":620,"y":420,"h":20,"w":20},{"x":620,"y":400,"h":20,"w":20},{"x":620,"y":380,"h":20,"w":20},{"x":620,"y":360,"h":20,"w":20},{"x":180,"y":600,"h":20,"w":20},{"x":200,"y":600,"h":20,"w":20},{"x":220,"y":600,"h":20,"w":20},{"x":240,"y":600,"h":20,"w":20},{"x":480,"y":600,"h":20,"w":20},{"x":500,"y":600,"h":20,"w":20},{"x":460,"y":600,"h":20,"w":20},{"x":440,"y":600,"h":20,"w":20},{"x":0,"y":320,"h":20,"w":20},{"x":0,"y":340,"h":20,"w":20},{"x":0,"y":300,"h":20,"w":20},{"x":0,"y":280,"h":20,"w":20},{"x":0,"y":260,"h":20,"w":20},{"x":0,"y":240,"h":20,"w":20},{"x":0,"y":220,"h":20,"w":20},{"x":0,"y":200,"h":20,"w":20},{"x":0,"y":180,"h":20,"w":20},{"x":0,"y":80,"h":20,"w":20},{"x":0,"y":60,"h":20,"w":20},{"x":0,"y":40,"h":20,"w":20},{"x":0,"y":20,"h":20,"w":20},{"x":0,"y":0,"h":20,"w":20},{"x":60,"y":0,"h":20,"w":20},{"x":80,"y":0,"h":20,"w":20},{"x":100,"y":0,"h":20,"w":20},{"x":120,"y":0,"h":20,"w":20},{"x":140,"y":0,"h":20,"w":20},{"x":160,"y":0,"h":20,"w":20},{"x":180,"y":0,"h":20,"w":20},{"x":200,"y":0,"h":20,"w":20},{"x":680,"y":340,"h":20,"w":20},{"x":680,"y":320,"h":20,"w":20},{"x":680,"y":300,"h":20,"w":20},{"x":680,"y":280,"h":20,"w":20},{"x":680,"y":260,"h":20,"w":20},{"x":680,"y":240,"h":20,"w":20},{"x":680,"y":220,"h":20,"w":20},{"x":680,"y":200,"h":20,"w":20},{"x":680,"y":180,"h":20,"w":20},{"x":680,"y":80,"h":20,"w":20},{"x":680,"y":60,"h":20,"w":20},{"x":680,"y":40,"h":20,"w":20},{"x":680,"y":20,"h":20,"w":20},{"x":680,"y":0,"h":20,"w":20},{"x":620,"y":0,"h":20,"w":20},{"x":600,"y":0,"h":20,"w":20},{"x":580,"y":0,"h":20,"w":20},{"x":560,"y":0,"h":20,"w":20},{"x":540,"y":0,"h":20,"w":20},{"x":520,"y":0,"h":20,"w":20},{"x":500,"y":0,"h":20,"w":20},{"x":480,"y":0,"h":20,"w":20},{"x":460,"y":0,"h":20,"w":20},{"x":440,"y":0,"h":20,"w":20},{"x":420,"y":0,"h":20,"w":20},{"x":400,"y":0,"h":20,"w":20},{"x":380,"y":0,"h":20,"w":20},{"x":300,"y":0,"h":20,"w":20},{"x":280,"y":0,"h":20,"w":20},{"x":260,"y":0,"h":20,"w":20},{"x":240,"y":0,"h":20,"w":20},{"x":220,"y":0,"h":20,"w":20},{"x":60,"y":340,"h":20,"w":20},{"x":60,"y":320,"h":20,"w":20},{"x":60,"y":300,"h":20,"w":20},{"x":60,"y":280,"h":20,"w":20},{"x":60,"y":260,"h":20,"w":20},{"x":60,"y":240,"h":20,"w":20},{"x":60,"y":220,"h":20,"w":20},{"x":60,"y":200,"h":20,"w":20},{"x":60,"y":180,"h":20,"w":20},{"x":60,"y":80,"h":20,"w":20},{"x":60,"y":60,"h":20,"w":20},{"x":60,"y":40,"h":20,"w":20},{"x":60,"y":20,"h":20,"w":20},{"x":620,"y":20,"h":20,"w":20},{"x":620,"y":40,"h":20,"w":20},{"x":620,"y":60,"h":20,"w":20},{"x":620,"y":80,"h":20,"w":20},{"x":620,"y":180,"h":20,"w":20},{"x":620,"y":200,"h":20,"w":20},{"x":620,"y":220,"h":20,"w":20},{"x":620,"y":240,"h":20,"w":20},{"x":620,"y":260,"h":20,"w":20},{"x":620,"y":280,"h":20,"w":20},{"x":620,"y":300,"h":20,"w":20},{"x":620,"y":320,"h":20,"w":20},{"x":620,"y":340,"h":20,"w":20},{"x":300,"y":460,"h":20,"w":20},{"x":300,"y":440,"h":20,"w":20},{"x":300,"y":420,"h":20,"w":20},{"x":300,"y":400,"h":20,"w":20},{"x":300,"y":380,"h":20,"w":20},{"x":380,"y":460,"h":20,"w":20},{"x":380,"y":440,"h":20,"w":20},{"x":380,"y":420,"h":20,"w":20},{"x":380,"y":400,"h":20,"w":20},{"x":380,"y":380,"h":20,"w":20},{"x":300,"y":320,"h":20,"w":20},{"x":280,"y":320,"h":20,"w":20},{"x":260,"y":320,"h":20,"w":20},{"x":240,"y":320,"h":20,"w":20},{"x":220,"y":320,"h":20,"w":20},{"x":380,"y":320,"h":20,"w":20},{"x":400,"y":320,"h":20,"w":20},{"x":420,"y":320,"h":20,"w":20},{"x":440,"y":320,"h":20,"w":20},{"x":460,"y":320,"h":20,"w":20},{"x":0,"y":1040,"h":20,"w":20},{"x":0,"y":1060,"h":20,"w":20},{"x":0,"y":1080,"h":20,"w":20},{"x":0,"y":1100,"h":20,"w":20},{"x":0,"y":1120,"h":20,"w":20},{"x":0,"y":1140,"h":20,"w":20},{"x":0,"y":1160,"h":20,"w":20},{"x":0,"y":1180,"h":20,"w":20},{"x":0,"y":1200,"h":20,"w":20},{"x":0,"y":1220,"h":20,"w":20},{"x":0,"y":1240,"h":20,"w":20},{"x":0,"y":1260,"h":20,"w":20},{"x":0,"y":1280,"h":20,"w":20},{"x":0,"y":1300,"h":20,"w":20},{"x":0,"y":1320,"h":20,"w":20},{"x":0,"y":1340,"h":20,"w":20},{"x":0,"y":1360,"h":20,"w":20},{"x":0,"y":1380,"h":20,"w":20},{"x":60,"y":1380,"h":20,"w":20},{"x":80,"y":1380,"h":20,"w":20},{"x":100,"y":1380,"h":20,"w":20},{"x":120,"y":1380,"h":20,"w":20},{"x":140,"y":1380,"h":20,"w":20},{"x":160,"y":1380,"h":20,"w":20},{"x":180,"y":1380,"h":20,"w":20},{"x":200,"y":1380,"h":20,"w":20},{"x":220,"y":1380,"h":20,"w":20},{"x":240,"y":1380,"h":20,"w":20},{"x":680,"y":1040,"h":20,"w":20},{"x":680,"y":1060,"h":20,"w":20},{"x":680,"y":1080,"h":20,"w":20},{"x":680,"y":1100,"h":20,"w":20},{"x":680,"y":1120,"h":20,"w":20},{"x":680,"y":1140,"h":20,"w":20},{"x":680,"y":1160,"h":20,"w":20},{"x":680,"y":1180,"h":20,"w":20},{"x":680,"y":1200,"h":20,"w":20},{"x":680,"y":1220,"h":20,"w":20},{"x":680,"y":1240,"h":20,"w":20},{"x":680,"y":1260,"h":20,"w":20},{"x":680,"y":1280,"h":20,"w":20},{"x":680,"y":1300,"h":20,"w":20},{"x":680,"y":1320,"h":20,"w":20},{"x":680,"y":1340,"h":20,"w":20},{"x":680,"y":1360,"h":20,"w":20},{"x":680,"y":1380,"h":20,"w":20},{"x":620,"y":1380,"h":20,"w":20},{"x":600,"y":1380,"h":20,"w":20},{"x":580,"y":1380,"h":20,"w":20},{"x":560,"y":1380,"h":20,"w":20},{"x":540,"y":1380,"h":20,"w":20},{"x":520,"y":1380,"h":20,"w":20},{"x":500,"y":1380,"h":20,"w":20},{"x":480,"y":1380,"h":20,"w":20},{"x":460,"y":1380,"h":20,"w":20},{"x":440,"y":1380,"h":20,"w":20},{"x":420,"y":1380,"h":20,"w":20},{"x":400,"y":1380,"h":20,"w":20},{"x":380,"y":1380,"h":20,"w":20},{"x":300,"y":1380,"h":20,"w":20},{"x":280,"y":1380,"h":20,"w":20},{"x":260,"y":1380,"h":20,"w":20},{"x":240,"y":1040,"h":20,"w":20},{"x":240,"y":1060,"h":20,"w":20},{"x":240,"y":1080,"h":20,"w":20},{"x":240,"y":1100,"h":20,"w":20},{"x":240,"y":1120,"h":20,"w":20},{"x":240,"y":1140,"h":20,"w":20},{"x":440,"y":1040,"h":20,"w":20},{"x":440,"y":1060,"h":20,"w":20},{"x":440,"y":1080,"h":20,"w":20},{"x":440,"y":1100,"h":20,"w":20},{"x":440,"y":1120,"h":20,"w":20},{"x":440,"y":1140,"h":20,"w":20},{"x":500,"y":980,"h":20,"w":20},{"x":520,"y":980,"h":20,"w":20},{"x":540,"y":980,"h":20,"w":20},{"x":560,"y":980,"h":20,"w":20},{"x":580,"y":980,"h":20,"w":20},{"x":600,"y":980,"h":20,"w":20},{"x":620,"y":980,"h":20,"w":20},{"x":180,"y":980,"h":20,"w":20},{"x":160,"y":980,"h":20,"w":20},{"x":140,"y":980,"h":20,"w":20},{"x":120,"y":980,"h":20,"w":20},{"x":100,"y":980,"h":20,"w":20},{"x":80,"y":980,"h":20,"w":20},{"x":60,"y":980,"h":20,"w":20},{"x":60,"y":1140,"h":20,"w":20},{"x":80,"y":1140,"h":20,"w":20},{"x":100,"y":1140,"h":20,"w":20},{"x":120,"y":1140,"h":20,"w":20},{"x":140,"y":1140,"h":20,"w":20},{"x":160,"y":1140,"h":20,"w":20},{"x":180,"y":1140,"h":20,"w":20},{"x":500,"y":1140,"h":20,"w":20},{"x":520,"y":1140,"h":20,"w":20},{"x":540,"y":1140,"h":20,"w":20},{"x":560,"y":1140,"h":20,"w":20},{"x":580,"y":1140,"h":20,"w":20},{"x":600,"y":1140,"h":20,"w":20},{"x":620,"y":1140,"h":20,"w":20}],"pellets":[{"x":70,"y":860,"h":10,"w":10},{"x":100,"y":850,"h":10,"w":10},{"x":150,"y":840,"h":10,"w":10},{"x":300,"y":1190,"h":10,"w":10},{"x":300,"y":1200,"h":10,"w":10},{"x":300,"y":1210,"h":10,"w":10},{"x":300,"y":1220,"h":10,"w":10},{"x":300,"y":1230,"h":10,"w":10},{"x":300,"y":1240,"h":10,"w":10},{"x":370,"y":1190,"h":10,"w":10},{"x":370,"y":1200,"h":10,"w":10},{"x":370,"y":1210,"h":10,"w":10},{"x":370,"y":1220,"h":10,"w":10},{"x":370,"y":1230,"h":10,"w":10},{"x":370,"y":1240,"h":10,"w":10},{"x":250,"y":1260,"h":10,"w":10},{"x":260,"y":1260,"h":10,"w":10},{"x":260,"y":1270,"h":10,"w":10},{"x":260,"y":1280,"h":10,"w":10},{"x":270,"y":1280,"h":10,"w":10},{"x":270,"y":1290,"h":10,"w":10},{"x":280,"y":1290,"h":10,"w":10},{"x":280,"y":1300,"h":10,"w":10},{"x":290,"y":1300,"h":10,"w":10},{"x":290,"y":1310,"h":10,"w":10},{"x":300,"y":1310,"h":10,"w":10},{"x":310,"y":1310,"h":10,"w":10},{"x":310,"y":1320,"h":10,"w":10},{"x":320,"y":1320,"h":10,"w":10},{"x":330,"y":1320,"h":10,"w":10},{"x":340,"y":1320,"h":10,"w":10},{"x":350,"y":1320,"h":10,"w":10},{"x":360,"y":1320,"h":10,"w":10},{"x":370,"y":1320,"h":10,"w":10},{"x":380,"y":1320,"h":10,"w":10},{"x":390,"y":1320,"h":10,"w":10},{"x":400,"y":1320,"h":10,"w":10},{"x":410,"y":1310,"h":10,"w":10},{"x":410,"y":1300,"h":10,"w":10},{"x":410,"y":1290,"h":10,"w":10},{"x":420,"y":1290,"h":10,"w":10},{"x":420,"y":1280,"h":10,"w":10},{"x":420,"y":1270,"h":10,"w":10},{"x":420,"y":1260,"h":10,"w":10},{"x":180,"y":1110,"h":10,"w":10},{"x":70,"y":1100,"h":10,"w":10},{"x":70,"y":1040,"h":10,"w":10},{"x":170,"y":1030,"h":10,"w":10},{"x":70,"y":1260,"h":10,"w":10},{"x":110,"y":1230,"h":10,"w":10},{"x":160,"y":1320,"h":10,"w":10},{"x":610,"y":1180,"h":10,"w":10},{"x":580,"y":1270,"h":10,"w":10},{"x":630,"y":1320,"h":10,"w":10},{"x":470,"y":1190,"h":10,"w":10},{"x":510,"y":1050,"h":10,"w":10},{"x":640,"y":1050,"h":10,"w":10},{"x":580,"y":1020,"h":10,"w":10},{"x":270,"y":700,"h":10,"w":10},{"x":280,"y":680,"h":10,"w":10},{"x":410,"y":680,"h":10,"w":10},{"x":420,"y":700,"h":10,"w":10},{"x":410,"y":750,"h":10,"w":10},{"x":380,"y":760,"h":10,"w":10},{"x":150,"y":310,"h":10,"w":10},{"x":180,"y":370,"h":10,"w":10},{"x":150,"y":430,"h":10,"w":10},{"x":200,"y":430,"h":10,"w":10},{"x":590,"y":390,"h":10,"w":10},{"x":520,"y":420,"h":10,"w":10},{"x":400,"y":520,"h":10,"w":10},{"x":290,"y":550,"h":10,"w":10},{"x":540,"y":280,"h":10,"w":10},{"x":420,"y":250,"h":10,"w":10},{"x":520,"y":70,"h":10,"w":10},{"x":180,"y":120,"h":10,"w":10},{"x":80,"y":140,"h":10,"w":10}],"ghosts":[{"startingX":127,"y":878,"h":30,"w":30,"ghostType":2},{"startingX":345,"y":933,"h":30,"w":30,"ghostType":0},{"startingX":344,"y":1114,"h":30,"w":30,"ghostType":2},{"startingX":563,"y":1072,"h":30,"w":30,"ghostType":0},{"startingX":116,"y":1068,"h":30,"w":30,"ghostType":2},{"startingX":295,"y":747,"h":30,"w":30,"ghostType":0},{"startingX":482,"y":1252,"h":30,"w":30,"ghostType":1},{"startingX":183,"y":1268,"h":30,"w":30,"ghostType":3},{"startingX":563,"y":896,"h":30,"w":30,"ghostType":0},{"startingX":582,"y":724,"h":30,"w":30,"ghostType":2},{"startingX":102,"y":740,"h":30,"w":30,"ghostType":3},{"startingX":519,"y":504,"h":30,"w":30,"ghostType":3},{"startingX":183,"y":523,"h":30,"w":30,"ghostType":2},{"startingX":453,"y":159,"h":30,"w":30,"ghostType":3},{"startingX":155,"y":196,"h":30,"w":30,"ghostType":3}],"fruits":[{"startingX":116,"startingY":1222,"h":20,"w":20,"randomFruit":6},{"startingX":567,"startingY":1208,"h":20,"w":20,"randomFruit":6},{"startingX":376,"startingY":1226,"h":20,"w":20,"randomFruit":1},{"startingX":63,"startingY":1056,"h":20,"w":20,"randomFruit":4},{"startingX":619,"startingY":1032,"h":20,"w":20,"randomFruit":6},{"startingX":347,"startingY":1024,"h":20,"w":20,"randomFruit":5},{"startingX":304,"startingY":1020,"h":20,"w":20,"randomFruit":0},{"startingX":633,"startingY":634,"h":20,"w":20,"randomFruit":5},{"startingX":181,"startingY":524,"h":20,"w":20,"randomFruit":5},{"startingX":538,"startingY":490,"h":20,"w":20,"randomFruit":0},{"startingX":52,"startingY":633,"h":20,"w":20,"randomFruit":4},{"startingX":195,"startingY":72,"h":20,"w":20,"randomFruit":6}]}